 [
  {
  "id": 2238621,
  "image": "http://img31.mtime.cn/pi/2013/02/04/093444.29353753.jpg",
  "type": 6
  },
  {
  "id": 2238622,
  "image": "http://img31.mtime.cn/pi/2013/03/08/144644.81111130.jpg",
  "type": 6
  },
  {
  "id": 2238623,
  "image": "http://img31.mtime.cn/pi/2013/03/08/144537.36699163.jpg",
  "type": 6
  },
  {
  "id": 2251763,
  "image": "http://img31.mtime.cn/pi/2013/03/08/144834.57830377.jpg",
  "type": 6
  },
  {
  "id": 2254525,
  "image": "http://img31.mtime.cn/pi/2013/03/13/115558.26463213.jpg",
  "type": 6
  },
  {
  "id": 2244939,
  "image": "http://img31.mtime.cn/pi/2013/02/27/100335.13162810.jpg",
  "type": 6
  },
  {
  "id": 2244928,
  "image": "http://img31.mtime.cn/pi/2013/03/08/144618.12513204.jpg",
  "type": 6
  },
  {
  "id": 2244929,
  "image": "http://img31.mtime.cn/pi/2013/02/27/100324.36324003.jpg",
  "type": 6
  },
  {
  "id": 2244930,
  "image": "http://img31.mtime.cn/pi/2013/02/27/100325.54341758.jpg",
  "type": 6
  },
  {
  "id": 2244931,
  "image": "http://img31.mtime.cn/pi/2013/02/27/100327.75227274.jpg",
  "type": 6
  },
  {
  "id": 2244932,
  "image": "http://img31.mtime.cn/pi/2013/02/27/100328.50950850.jpg",
  "type": 6
  },
  {
  "id": 2244933,
  "image": "http://img31.mtime.cn/pi/2013/02/27/100329.47740777.jpg",
  "type": 6
  },
  {
  "id": 2244934,
  "image": "http://img31.mtime.cn/pi/2013/02/27/100330.14076134.jpg",
  "type": 6
  },
  {
  "id": 2255640,
  "image": "http://img31.mtime.cn/pi/2013/03/14/164709.85555984.jpg",
  "type": 6
  },
  {
  "id": 2255641,
  "image": "http://img31.mtime.cn/pi/2013/03/14/164711.26034004.jpg",
  "type": 6
  },
  {
  "id": 2244937,
  "image": "http://img31.mtime.cn/pi/2013/02/27/100333.52875676.jpg",
  "type": 6
  },
  {
  "id": 2255643,
  "image": "http://img31.mtime.cn/pi/2013/03/14/164713.46798943.jpg",
  "type": 6
  },
  {
  "id": 2255642,
  "image": "http://img31.mtime.cn/pi/2013/03/14/164712.60909107.jpg",
  "type": 6
  },
  {
  "id": 2247622,
  "image": "http://img31.mtime.cn/pi/2013/03/04/145557.40754360.jpg",
  "type": 6
  },
  {
  "id": 2247623,
  "image": "http://img31.mtime.cn/pi/2013/03/04/145558.49718474.jpg",
  "type": 6
  },
  {
  "id": 2251757,
  "image": "http://img31.mtime.cn/pi/2013/03/08/144820.13554318.jpg",
  "type": 6
  },
  {
  "id": 2251758,
  "image": "http://img31.mtime.cn/pi/2013/03/08/144824.75962505.jpg",
  "type": 6
  },
  {
  "id": 2251759,
  "image": "http://img31.mtime.cn/pi/2013/03/08/144828.41364464.jpg",
  "type": 6
  },
  {
  "id": 2251760,
  "image": "http://img31.mtime.cn/pi/2013/03/08/144832.64755457.jpg",
  "type": 6
  },
  {
  "id": 2251761,
  "image": "http://img31.mtime.cn/pi/2013/03/08/144832.38469127.jpg",
  "type": 6
  },
  {
  "id": 2251762,
  "image": "http://img31.mtime.cn/pi/2013/03/08/144833.10037199.jpg",
  "type": 6
  },
  {
  "id": 2263400,
  "image": "http://img31.mtime.cn/pi/2013/03/26/154721.97612299.jpg",
  "type": 6
  },
  {
  "id": 2254523,
  "image": "http://img31.mtime.cn/pi/2013/03/13/115557.95787161.jpg",
  "type": 6
  },
  {
  "id": 2254524,
  "image": "http://img31.mtime.cn/pi/2013/03/13/115557.95893971.jpg",
  "type": 6
  },
  {
  "id": 2261119,
  "image": "http://img31.mtime.cn/pi/2013/03/21/161228.91725125.jpg",
  "type": 6
  },
  {
  "id": 2254526,
  "image": "http://img31.mtime.cn/pi/2013/03/13/115559.52507983.jpg",
  "type": 6
  },
  {
  "id": 2254527,
  "image": "http://img31.mtime.cn/pi/2013/03/13/115600.25112001.jpg",
  "type": 6
  },
  {
  "id": 2254528,
  "image": "http://img31.mtime.cn/pi/2013/03/13/115601.20342320.jpg",
  "type": 6
  },
  {
  "id": 2254529,
  "image": "http://img31.mtime.cn/pi/2013/03/13/115602.36320350.jpg",
  "type": 6
  },
  {
  "id": 2254530,
  "image": "http://img31.mtime.cn/pi/2013/03/13/115603.33473506.jpg",
  "type": 6
  },
  {
  "id": 2254531,
  "image": "http://img31.mtime.cn/pi/2013/03/13/115603.13978075.jpg",
  "type": 6
  },
  {
  "id": 2254532,
  "image": "http://img31.mtime.cn/pi/2013/03/13/115604.59853993.jpg",
  "type": 6
  },
  {
  "id": 2260644,
  "image": "http://img31.mtime.cn/pi/2013/03/21/092706.75123586.jpg",
  "type": 6
  },
  {
  "id": 2260645,
  "image": "http://img31.mtime.cn/pi/2013/03/21/092725.47426164.jpg",
  "type": 6
  },
  {
  "id": 2263387,
  "image": "http://img31.mtime.cn/pi/2013/03/26/154703.66968180.jpg",
  "type": 6
  },
  {
  "id": 2263388,
  "image": "http://img31.mtime.cn/pi/2013/03/26/154705.92286812.jpg",
  "type": 6
  },
  {
  "id": 2263389,
  "image": "http://img31.mtime.cn/pi/2013/03/26/154707.29231534.jpg",
  "type": 6
  },
  {
  "id": 2263390,
  "image": "http://img31.mtime.cn/pi/2013/03/26/154710.53165138.jpg",
  "type": 6
  },
  {
  "id": 2263391,
  "image": "http://img31.mtime.cn/pi/2013/03/26/154711.82690809.jpg",
  "type": 6
  },
  {
  "id": 2263392,
  "image": "http://img31.mtime.cn/pi/2013/03/26/154712.18126824.jpg",
  "type": 6
  },
  {
  "id": 2263393,
  "image": "http://img31.mtime.cn/pi/2013/03/26/154713.58081423.jpg",
  "type": 6
  },
  {
  "id": 2263394,
  "image": "http://img31.mtime.cn/pi/2013/03/26/154714.68961281.jpg",
  "type": 6
  },
  {
  "id": 2263395,
  "image": "http://img31.mtime.cn/pi/2013/03/26/154715.87194719.jpg",
  "type": 6
  },
  {
  "id": 2263396,
  "image": "http://img31.mtime.cn/pi/2013/03/26/154716.81987463.jpg",
  "type": 6
  },
  {
  "id": 2263397,
  "image": "http://img31.mtime.cn/pi/2013/03/26/154717.70288520.jpg",
  "type": 6
  },
  {
  "id": 2263398,
  "image": "http://img31.mtime.cn/pi/2013/03/26/154718.49489181.jpg",
  "type": 6
  },
  {
  "id": 2263399,
  "image": "http://img31.mtime.cn/pi/2013/03/26/154719.71591505.jpg",
  "type": 6
  },
  {
  "id": 2264747,
  "image": "http://img31.mtime.cn/pi/2013/03/28/115820.38505021.jpg",
  "type": 6
  },
  {
  "id": 2264748,
  "image": "http://img31.mtime.cn/pi/2013/03/28/115838.51700789.jpg",
  "type": 6
  },
  {
  "id": 2266180,
  "image": "http://img31.mtime.cn/pi/2013/04/01/101223.61178508.jpg",
  "type": 6
  },
  {
  "id": 2266181,
  "image": "http://img31.mtime.cn/pi/2013/04/01/101223.83213519.jpg",
  "type": 6
  },
  {
  "id": 2266182,
  "image": "http://img31.mtime.cn/pi/2013/04/01/101224.73345163.jpg",
  "type": 6
  },
  {
  "id": 2266183,
  "image": "http://img31.mtime.cn/pi/2013/04/01/101224.88151321.jpg",
  "type": 6
  },
  {
  "id": 2266184,
  "image": "http://img31.mtime.cn/pi/2013/04/01/101225.62775497.jpg",
  "type": 6
  },
  {
  "id": 2266185,
  "image": "http://img31.mtime.cn/pi/2013/04/01/101226.50876072.jpg",
  "type": 6
  },
  {
  "id": 2266186,
  "image": "http://img31.mtime.cn/pi/2013/04/01/101227.58873164.jpg",
  "type": 6
  },
  {
  "id": 2266187,
  "image": "http://img31.mtime.cn/pi/2013/04/01/101227.35167695.jpg",
  "type": 6
  },
  {
  "id": 2266188,
  "image": "http://img31.mtime.cn/pi/2013/04/01/101228.21508302.jpg",
  "type": 6
  },
  {
  "id": 2266189,
  "image": "http://img31.mtime.cn/pi/2013/04/01/101229.21007592.jpg",
  "type": 6
  },
  {
  "id": 2266190,
  "image": "http://img31.mtime.cn/pi/2013/04/01/101229.77998562.jpg",
  "type": 6
  },
  {
  "id": 2266191,
  "image": "http://img31.mtime.cn/pi/2013/04/01/101230.92162403.jpg",
  "type": 6
  },
  {
  "id": 2251771,
  "image": "http://img31.mtime.cn/pi/2013/03/08/150043.76777418.jpg",
  "type": 6
  },
  {
  "id": 2251772,
  "image": "http://img31.mtime.cn/pi/2013/03/08/150045.98705397.jpg",
  "type": 6
  },
  {
  "id": 2251773,
  "image": "http://img31.mtime.cn/pi/2013/03/08/150049.21510241.jpg",
  "type": 6
  },
  {
  "id": 2251774,
  "image": "http://img31.mtime.cn/pi/2013/03/08/150052.59986918.jpg",
  "type": 6
  },
  {
  "id": 2251775,
  "image": "http://img31.mtime.cn/pi/2013/03/08/150056.16528697.jpg",
  "type": 6
  },
  {
  "id": 2251776,
  "image": "http://img31.mtime.cn/pi/2013/03/08/150059.12362260.jpg",
  "type": 6
  },
  {
  "id": 2251777,
  "image": "http://img31.mtime.cn/pi/2013/03/08/150100.98864491.jpg",
  "type": 6
  },
  {
  "id": 2251778,
  "image": "http://img31.mtime.cn/pi/2013/03/08/150102.14003153.jpg",
  "type": 6
  },
  {
  "id": 2262808,
  "image": "http://img31.mtime.cn/pi/2013/03/25/142122.95358774.jpg",
  "type": 6
  },
  {
  "id": 2262807,
  "image": "http://img31.mtime.cn/pi/2013/03/25/142000.20208408.jpg",
  "type": 6
  },
  {
  "id": 2070158,
  "image": "http://img21.mtime.cn/pi/2012/04/12/094553.43227731.jpg",
  "type": 6
  },
  {
  "id": 2070157,
  "image": "http://img21.mtime.cn/pi/2012/04/12/094552.75468156.jpg",
  "type": 6
  },
  {
  "id": 2070155,
  "image": "http://img21.mtime.cn/pi/2012/04/12/094551.40576894.jpg",
  "type": 6
  },
  {
  "id": 2070153,
  "image": "http://img21.mtime.cn/pi/2012/04/12/094549.18922278.jpg",
  "type": 6
  },
  {
  "id": 2070156,
  "image": "http://img21.mtime.cn/pi/2012/04/12/094551.58760302.jpg",
  "type": 6
  },
  {
  "id": 2070154,
  "image": "http://img21.mtime.cn/pi/2012/04/12/094550.30336161.jpg",
  "type": 6
  },
  {
  "id": 2070308,
  "image": "http://img21.mtime.cn/pi/2012/04/12/115913.95066150.jpg",
  "type": 6
  },
  {
  "id": 2070307,
  "image": "http://img21.mtime.cn/pi/2012/04/12/115912.90525667.jpg",
  "type": 6
  },
  {
  "id": 2070288,
  "image": "http://img21.mtime.cn/pi/2012/04/12/115846.45382571.jpg",
  "type": 6
  },
  {
  "id": 2070289,
  "image": "http://img21.mtime.cn/pi/2012/04/12/115847.39763204.jpg",
  "type": 6
  },
  {
  "id": 2070290,
  "image": "http://img21.mtime.cn/pi/2012/04/12/115848.90043993.jpg",
  "type": 6
  },
  {
  "id": 2070295,
  "image": "http://img21.mtime.cn/pi/2012/04/12/115900.75182030.jpg",
  "type": 6
  },
  {
  "id": 2070292,
  "image": "http://img21.mtime.cn/pi/2012/04/12/115850.55112037.jpg",
  "type": 6
  },
  {
  "id": 2070294,
  "image": "http://img21.mtime.cn/pi/2012/04/12/115857.39065826.jpg",
  "type": 6
  },
  {
  "id": 2070293,
  "image": "http://img21.mtime.cn/pi/2012/04/12/115854.43915400.jpg",
  "type": 6
  },
  {
  "id": 2070291,
  "image": "http://img21.mtime.cn/pi/2012/04/12/115850.31458133.jpg",
  "type": 6
  },
  {
  "id": 2070299,
  "image": "http://img21.mtime.cn/pi/2012/04/12/115904.77173467.jpg",
  "type": 6
  },
  {
  "id": 2070296,
  "image": "http://img21.mtime.cn/pi/2012/04/12/115900.18218582.jpg",
  "type": 6
  },
  {
  "id": 2070301,
  "image": "http://img21.mtime.cn/pi/2012/04/12/115906.13994837.jpg",
  "type": 6
  },
  {
  "id": 2070303,
  "image": "http://img21.mtime.cn/pi/2012/04/12/115908.37554897.jpg",
  "type": 6
  },
  {
  "id": 2070302,
  "image": "http://img21.mtime.cn/pi/2012/04/12/115907.79198109.jpg",
  "type": 6
  },
  {
  "id": 2070300,
  "image": "http://img21.mtime.cn/pi/2012/04/12/115905.63904590.jpg",
  "type": 6
  },
  {
  "id": 2070298,
  "image": "http://img21.mtime.cn/pi/2012/04/12/115903.34837484.jpg",
  "type": 6
  },
  {
  "id": 2070305,
  "image": "http://img21.mtime.cn/pi/2012/04/12/115910.82783841.jpg",
  "type": 6
  },
  {
  "id": 2263404,
  "image": "http://img31.mtime.cn/pi/2013/03/26/161127.96585925.jpg",
  "type": 1
  },
  {
  "id": 2263405,
  "image": "http://img31.mtime.cn/pi/2013/03/26/161130.52571779.jpg",
  "type": 1
  },
  {
  "id": 2263406,
  "image": "http://img31.mtime.cn/pi/2013/03/26/161133.23071356.jpg",
  "type": 1
  },
  {
  "id": 2263402,
  "image": "http://img31.mtime.cn/pi/2013/03/26/160853.19415544.jpg",
  "type": 1
  },
  {
  "id": 2263403,
  "image": "http://img31.mtime.cn/pi/2013/03/26/160858.16684794.jpg",
  "type": 1
  },
  {
  "id": 2263401,
  "image": "http://img31.mtime.cn/pi/2013/03/26/160849.69916079.jpg",
  "type": 1
  },
  {
  "id": 2264796,
  "image": "http://img31.mtime.cn/pi/2013/03/28/143215.28018938.jpg",
  "type": 1
  },
  {
  "id": 2255594,
  "image": "http://img31.mtime.cn/pi/2013/03/14/162210.87877810.jpg",
  "type": 1
  },
  {
  "id": 2120954,
  "image": "http://img31.mtime.cn/pi/2012/06/12/145411.53985880.jpg",
  "type": 1
  },
  {
  "id": 2120955,
  "image": "http://img31.mtime.cn/pi/2012/06/12/145419.71859859.jpg",
  "type": 1
  },
  {
  "id": 2120956,
  "image": "http://img31.mtime.cn/pi/2012/06/12/145427.22890827.jpg",
  "type": 1
  },
  {
  "id": 2238618,
  "image": "http://img31.mtime.cn/pi/2013/02/04/093408.41313226.jpg",
  "type": 1
  },
  {
  "id": 2238619,
  "image": "http://img31.mtime.cn/pi/2013/02/04/093419.65482346.jpg",
  "type": 1
  },
  {
  "id": 2238620,
  "image": "http://img31.mtime.cn/pi/2013/02/04/093430.16262596.jpg",
  "type": 1
  },
  {
  "id": 2244922,
  "image": "http://img31.mtime.cn/pi/2013/02/27/095107.80004514.jpg",
  "type": 1
  },
  {
  "id": 2244923,
  "image": "http://img31.mtime.cn/pi/2013/02/27/095108.95373214.jpg",
  "type": 1
  },
  {
  "id": 2244924,
  "image": "http://img31.mtime.cn/pi/2013/02/27/095110.34072659.jpg",
  "type": 1
  },
  {
  "id": 2244925,
  "image": "http://img31.mtime.cn/pi/2013/02/27/095111.25546606.jpg",
  "type": 1
  },
  {
  "id": 2255595,
  "image": "http://img31.mtime.cn/pi/2013/03/14/162713.44431483.jpg",
  "type": 1
  },
  {
  "id": 2255596,
  "image": "http://img31.mtime.cn/pi/2013/03/14/162732.45888009.jpg",
  "type": 1
  },
  {
  "id": 2255597,
  "image": "http://img31.mtime.cn/pi/2013/03/14/162748.83740480.jpg",
  "type": 1
  },
  {
  "id": 2264792,
  "image": "http://img31.mtime.cn/pi/2013/03/28/143134.47969701.jpg",
  "type": 1
  },
  {
  "id": 2264793,
  "image": "http://img31.mtime.cn/pi/2013/03/28/143134.76943182.jpg",
  "type": 1
  },
  {
  "id": 2264794,
  "image": "http://img31.mtime.cn/pi/2013/03/28/143135.56454804.jpg",
  "type": 1
  },
  {
  "id": 2264795,
  "image": "http://img31.mtime.cn/pi/2013/03/28/143136.36091547.jpg",
  "type": 1
  }
  ]