[
  {
  "id" : 1491520,
  "type" : 0,
  "title" : "科幻大作《全面回忆》全新预告片发布",
  "summary" : "",
  "image" : "http://img31.mtime.cn/mg/2012/06/28/100820.21812355.jpg"
  }, {
  "id" : 1491552,
  "type" : 1,
  "image" : "http://img31.mtime.cn/mg/2012/06/28/112005.28198250.jpg",
  "title" : "《小律师有大作为》宣传海报",
  "summary" : "小律师有大作为,TNT,律政剧"
  }, {
  "id" : 1491537,
  "type" : 0,
  "image" : "http://img31.mtime.cn/mg/2012/06/28/110832.94975548.jpg",
  "title" : "＂权力的游戏＂第三季新动向",
  "summary" : "权力的游戏,冰与火之歌,动态"
  }, {
  "id" : 1491542,
  "type" : 1,
  "image" : "http://img31.mtime.cn/mg/2012/06/28/110510.96362255.jpg",
  "title" : "\"Penny\"卡蕾·库科登MAXIM封面",
  "summary" : "生活大爆炸,penny，大片,性感"
  }, {
  "id" : 1491539,
  "type" : 0,
  "image" : "http://img31.mtime.cn/mg/2012/06/28/102611.94434483.jpg",
  "title" : "阿汤哥加盟翻拍版\"范海辛\"",
  "summary" : "汤姆·克鲁斯,艾里克斯·库兹曼,范海辛"
  }, {
  "id" : 1491532,
  "type" : 1,
  "image" : "http://img31.mtime.cn/mg/2012/06/28/104511.59257202.jpg",
  "title" : "汤姆·克鲁斯新片首曝造型",
  "summary" : "汤姆·克鲁斯,杰克·理查尔,剧照"
  }, {
  "id" : 1491534,
  "type" : 1,
  "image" : "http://img31.mtime.cn/mg/2012/06/28/100504.62534452.jpg",
  "title" : "《画皮Ⅱ》今日全线公映",
  "summary" : "画皮II,陈国富,乌尔善"
  }, {
  "id" : 1491535,
  "type" : 0,
  "image" : "http://img31.mtime.cn/mg/2012/06/28/095518.44804954.jpg",
  "title" : "《华尔街之狼》将拍数字2D",
  "summary" : "马丁·斯科塞斯,华尔街之狼,胶片"
  }, {
  "id" : 1491533,
  "type" : 0,
  "image" : "http://img31.mtime.cn/mg/2012/06/28/094145.38984693.jpg",
  "title" : "成龙加盟英语喜剧动作新作",
  "summary" : "成龙,Jay Longino,十二生肖"
  }, {
  "id" : 1491518,
  "type" : 1,
  "image" : "http://img31.mtime.cn/mg/2012/06/28/090602.27750699.jpg",
  "title" : "《搜索》王珞丹特辑",
  "summary" : "搜索,陈凯歌,王珞丹"
  }, {
  "id" : 1491521,
  "type" : 0,
  "image" : "http://img31.mtime.cn/mg/2012/06/28/085417.84177890.jpg",
  "title" : "《痞子英雄》导演揭秘幕后",
  "summary" : "痞子英雄,电影版,赵又廷"
  }, {
  "id" : 1491520,
  "type" : 2,
  "image" : "http://img31.mtime.cn/mg/2012/06/28/095602.99725783.jpg",
  "title" : "《全面回忆》新款预告片",
  "summary" : "全面回忆,柯林·法瑞尔,凯特·贝金赛尔"
  }, {
  "id" : 1491517,
  "type" : 1,
  "image" : "http://img31.mtime.cn/mg/2012/06/28/091813.23914547.jpg",
  "title" : "《四大名捕》发终极海报",
  "summary" : "四大名捕,陈嘉上,刘亦菲"
  }, {
  "id" : 1491516,
  "type" : 0,
  "image" : "http://img31.mtime.cn/mg/2012/06/28/025149.84093940.jpg",
  "title" : "《画皮Ⅱ》零点首映",
  "summary" : "画皮Ⅱ,周迅,王中磊"
  }, {
  "id" : 1491512,
  "type" : 0,
  "image" : "http://img31.mtime.cn/mg/2012/06/27/195228.11026579.jpg",
  "title" : "《大武当》媒体观影武戏获赞",
  "summary" : "大武当,媒体观影,杨幂"
  }]